<?xml version="1.0" encoding="UTF-8" standalone="yes"?>
<builds>


<build>
     <name>[COLORff80004b]<><><><>[/COLOR][COLORff00cc29][B] Ballerina Builds [/B][/COLOR][COLORff80004b]<><><><>[/COLOR]</name>    
     <kodi>K21</kodi>    
     <url>http://</url>    
     <icon>https://kai.nl.tab.digital/s/aMBon77qsKW6dNz/download/icon.png</icon>     
     <fanart>https://kai.nl.tab.digital/s/HSmrCsYHJCcE68R/download/fanart.jpg</fanart>
     <description>balerina.backups</description>   
</build>     
     
<build>    
      <name>Ballerina (skin Titan Bingie Mod - KODI 21)</name>     
      <version>1.0</version>    
      <kodi>K21</kodi>     
      <size>296MB</size> 
      <url>https://kai.nl.tab.digital/s/jXEXFetpjJneLCS/download/Ballerina.skin.Titan.Bingie.Mod.21.2.v.1.zip</url>
      <icon>https://kai.nl.tab.digital/s/isZzCxkarpBdroF/download/screenshot-11.jpg</icon>     
      <fanart>https://kai.nl.tab.digital/s/isZzCxkarpBdroF/download/screenshot-11.jpg</fanart>   
      <description>Funziona con la registrazione Trakt e Debrid.</description>  
</build>   



</builds>

